segment,segment_value,validation_rows,coverage_rate,mean_interval_width,mean_uncertainty,mae,rmse,target_coverage,coverage_gap
overall,all,1773,0.838691483362,2.37749081722,0.928707350476,0.675381644266,0.924638003498,0.8,0.0386914833615
position,QB,208,0.817307692308,2.42574343936,0.947556030998,0.666787364484,0.876841133353,0.8,0.0173076923077
position,RB,444,0.817567567568,2.37764253954,0.928766617007,0.734317745037,1.01720081788,0.8,0.0175675675676
position,TE,392,0.84693877551,2.33571226195,0.912387602325,0.654347586416,0.907818409913,0.8,0.0469387755102
position,WR,729,0.853223593964,2.38609614445,0.932068806424,0.653249040877,0.886918177557,0.8,0.0532235939643
