position,validation_rows,mean_actual_next_value,mean_predicted_next_value,bias,mae,rmse
QB,208,0.197595646868,0.204781079989,-0.0071854331207,0.666787364484,0.876841133353
RB,444,-0.0296877833202,-0.0559345280701,0.0262467447499,0.734317745037,1.01720081788
TE,392,0.087740575546,0.0112396707097,0.0765009048363,0.654347586416,0.907818409913
WR,729,0.107268482417,0.193779605864,-0.0865111234469,0.653249040877,0.886918177557
