position,validation_rows,mean_actual_next_value,mean_predicted_next_value,bias,mae,rmse
QB,208,0.1975956468679456,0.20478107998864484,-0.007185433120699279,0.6667873644837677,0.8768411333532972
RB,444,-0.02968778332018351,-0.055934528070121205,0.026246744749937694,0.7343177450368267,1.0172008178848686
TE,392,0.08774057554596605,0.011239670709682747,0.0765009048362833,0.6543475864161231,0.9078184099134066
WR,729,0.10726848241656586,0.19377960586350565,-0.08651112344693977,0.6532490408766124,0.8869181775569575
