accuracy,brier_score,positive_rate,roc_auc,valid_year
0.703703703704,0.189278037009,0.724279835391,0.758989145183,2020
0.703406813627,0.185390205123,0.721442885772,0.784572342126,2021
0.724845995893,0.184211101488,0.702258726899,0.777737447066,2022
0.723175965665,0.168431056041,0.751072961373,0.827684729064,2023
0.695378151261,0.178886847811,0.775210084034,0.797533115518,2024
