position,validation_rows,mean_actual_next_value,mean_predicted_next_value,bias,mae,rmse
QB,208,0.1975956468679456,0.19819985079113225,-0.0006042039231866614,0.6654132752716809,0.8758969949264991
RB,444,-0.02968778332018351,-0.03211481021492218,0.0024270268947386695,0.7300394180349132,1.0163023089221823
TE,392,0.08774057554596605,0.009040191699160283,0.07870038384680576,0.6494235675906893,0.9041296124560247
WR,729,0.10726848241656586,0.1794134220991324,-0.07214493968256654,0.6495424883115473,0.8869718781243129
