segment,segment_value,validation_rows,coverage_rate,mean_interval_width,mean_uncertainty,mae,rmse,target_coverage,coverage_gap
overall,all,1773,0.8369994359842076,2.360869333696537,0.9222145834752098,0.6715363651092381,0.9235069797951182,0.8,0.03699943598420752
position,QB,208,0.8125,2.3927588885626365,0.9346714408447798,0.6654132752716809,0.8758969949264991,0.8,0.012499999999999956
position,RB,444,0.8243243243243243,2.3664827926709244,0.9244073408870798,0.7300394180349132,1.0163023089221823,0.8,0.024324324324324298
position,TE,392,0.8418367346938775,2.326034384114134,0.9086071812945836,0.6494235675906893,0.9041296124560247,0.8,0.0418367346938775
position,WR,729,0.8491083676268861,2.3670831842308657,0.9246418688401818,0.6495424883115473,0.8869718781243129,0.8,0.049108367626886085
