accuracy,brier_score,positive_rate,roc_auc,valid_year
0.7037037037037037,0.1892780370086868,0.7242798353909465,0.758989145183175,2020
0.7034068136272545,0.1853902051226738,0.7214428857715431,0.7845723421262989,2021
0.7248459958932238,0.18421110148827577,0.702258726899384,0.7777374470659406,2022
0.723175965665236,0.1684310560410102,0.7510729613733905,0.8276847290640394,2023
0.6953781512605042,0.1788868478110927,0.7752100840336135,0.797533115518071,2024
