accuracy,brier_score,positive_rate,roc_auc,valid_year
0.7128099173553719,0.18996845924131148,0.7231404958677686,0.7561194029850746,2020
0.6989898989898989,0.18626326634582796,0.7171717171717171,0.7791146881287727,2021
0.7323651452282157,0.18773569653183733,0.7095435684647303,0.766123642439432,2022
0.7247311827956989,0.16998257884648282,0.7526881720430108,0.8210434782608695,2023
0.7073684210526315,0.17730589934077892,0.7684210526315789,0.7993524283935243,2024
