position,validation_rows,mean_actual_next_value,mean_predicted_next_value,bias,mae,rmse
QB,208,0.197643819616028,0.1967746616332814,0.0008691579827466134,0.6619134937022817,0.8719709583933631
RB,439,-0.029909952168623178,-0.036297135145194157,0.006387182976570984,0.7350265239717617,1.017361317235273
TE,390,0.08414211709872621,0.008353728443263462,0.07578838865546277,0.6505787168521411,0.904336030102654
WR,725,0.10845445957751516,0.18157733490766917,-0.073122875330154,0.6486948435605646,0.8858195276436454
