segment,segment_value,validation_rows,coverage_rate,mean_interval_width,mean_uncertainty,mae,rmse,target_coverage,coverage_gap
overall,all,1773,0.8386914833615341,2.377490817217892,0.9287073504757388,0.6753816442657335,0.9246380034975815,0.8,0.03869148336153405
position,QB,208,0.8173076923076923,2.42574343935556,0.9475560309982657,0.6667873644837677,0.8768411333532972,0.8,0.017307692307692246
position,RB,444,0.8175675675675675,2.377642539538399,0.9287666170071871,0.7343177450368267,1.0172008178848686,0.8,0.0175675675675675
position,TE,392,0.8469387755102041,2.335712261953035,0.9123876023254042,0.6543475864161231,0.9078184099134066,0.8,0.04693877551020409
position,WR,729,0.8532235939643347,2.3860961444454407,0.9320688064240003,0.6532490408766124,0.8869181775569575,0.8,0.053223593964334626
