position,model_win_rate,n_player_weeks
QB,0.525356576862,1262
RB,0.526333907057,2905
TE,0.538227628149,2302
WR,0.544684455739,4722
