season,n_player_weeks,model_rmse,external_rmse,skill_vs_external
2020,5436,6.51778105068,6.63056335238,0.0170094599364
2021,5755,6.25887965857,6.36049153972,0.0159754761896
