position,model_win_rate,n_player_weeks
QB,0.515847860539,1262
RB,0.549741824441,2905
TE,0.54561251086,2302
WR,0.547649301144,4722
