season,n_player_weeks,model_rmse,external_rmse,skill_vs_external,source
2020,5436,6.51778105068,6.63056335238,0.0170094599364,draftkings_implied_via_rotoguru
2021,5755,6.25887965857,6.36049153972,0.0159754761896,draftkings_implied_via_rotoguru
2020,5530,6.50383570503,7.90116497387,0.176851043291,vegas_team_environment_implied
2021,5856,6.23563134482,7.67548531652,0.187591261311,vegas_team_environment_implied
2022,5818,6.08726056157,7.44693859163,0.182582146117,vegas_team_environment_implied
2023,5811,6.01556275511,7.48340241241,0.196146027758,vegas_team_environment_implied
2024,5848,6.07944983243,7.65386027223,0.205701487066,vegas_team_environment_implied
2025,6043,5.96667582769,7.51798000747,0.206345877248,vegas_team_environment_implied
