segment,segment_value,n_player_weeks,model_rmse,external_rmse,model_mae,external_mae,skill_vs_external
position,QB,1262,7.69501826342,7.84209367601,6.17749514498,6.44909815516,0.0187546105242
position,RB,2905,6.58587638868,6.70690981122,4.92469007841,5.1287063398,0.0180460787374
position,TE,2302,5.10220874,5.13721361031,3.75262674709,3.86800449849,0.00681397990647
position,WR,4722,6.43802617137,6.55307980789,4.81159145552,5.03551812837,0.017557185307
