segment,segment_value,n_player_weeks,model_rmse,external_rmse,model_mae,external_mae,skill_vs_external,source
position,QB,1262,7.69501826342,7.84209367601,6.17749514498,6.44909815516,0.0187546105242,draftkings_implied_via_rotoguru
position,RB,2905,6.58587638868,6.70690981122,4.92469007841,5.1287063398,0.0180460787374,draftkings_implied_via_rotoguru
position,TE,2302,5.10220874,5.13721361031,3.75262674709,3.86800449849,0.00681397990647,draftkings_implied_via_rotoguru
position,WR,4722,6.43802617137,6.55307980789,4.81159145552,5.03551812837,0.017557185307,draftkings_implied_via_rotoguru
position,QB,3901,7.46565842571,8.93016030735,5.94652263219,7.22409800858,0.163995027103,vegas_team_environment_implied
position,RB,9146,6.2545012186,7.98726676233,4.62553396738,6.30870225855,0.216940988111,vegas_team_environment_implied
position,TE,7312,4.95288460045,5.94384811509,3.60163880928,4.54515995896,0.166720867601,vegas_team_environment_implied
position,WR,14547,6.22765067741,7.73133287034,4.60883245608,6.08227867888,0.194491974171,vegas_team_environment_implied
