season,n_player_weeks,model_rmse,external_rmse,skill_vs_external
2020,5436,6.53242561106,6.63056335238,0.0148008149696
2021,5755,6.31095391947,6.36049153972,0.00778833207062
