segment,segment_value,n_player_weeks,model_rmse,external_rmse,model_mae,external_mae,skill_vs_external
position,QB,1262,7.70759424349,7.84209367601,6.19485027843,6.44909815516,0.01715095969
position,RB,2905,6.61468087218,6.70690981122,4.99970918606,5.1287063398,0.0137513313334
position,TE,2302,5.15905105609,5.13721361031,3.79369925717,3.86800449849,-0.00425083468002
position,WR,4722,6.47270516072,6.55307980789,4.85968637375,5.03551812837,0.0122651714201
