segment,segment_value,validation_rows,mean_actual_next_fantasy_points_ppr,mean_predicted_next_fantasy_points_ppr,bias,mae,rmse,r2,baseline_current_year_rmse,baseline_current_year_mae
overall,all,2414,77.5290140845,77.8368375528,-0.307823468281,42.054475211,59.4223688722,0.583146517098,67.0427471147,46.8375642088
position,QB,287,126.91554007,125.355613237,1.55992683267,67.6979443969,91.3855021737,0.474702736523,101.968338831,75.7201393728
position,RB,628,77.2088535032,76.335135099,0.873718404153,45.3047906588,63.0737072487,0.547624932814,71.8323993708,50.1867197452
position,TE,519,53.9259344894,51.1854233771,2.74051111233,29.3888621596,40.5344144661,0.574439022563,44.2023239086,31.9313680154
position,WR,980,75.7709795918,78.9973115087,-3.22633191685,39.1693521663,53.2221610579,0.623167749787,60.7077687595,44.1271020408
