validation_rows,mean_actual_next_fantasy_points_ppr,mean_predicted_next_fantasy_points_ppr,bias,mae,rmse,r2,spearman_rank_corr,top_rank_hit_rate,segment,segment_value,model_name,model_label,model_type
2414,77.5290140845,78.1807017505,-0.651687665959,41.5970943868,59.0943939174,0.587735368283,0.722042302663,0.614583333333,overall,all,elastic_net_total,Elastic Net Total-PPR Model,direct_total_points
287,126.91554007,130.681382869,-3.76584279909,66.886306731,89.2372732639,0.499109129578,0.69175927327,0.583333333333,position,QB,elastic_net_total,Elastic Net Total-PPR Model,direct_total_points
628,77.2088535032,74.0922474442,3.11660605899,45.2943613174,63.7442876101,0.537954772871,0.717035604765,0.666666666667,position,RB,elastic_net_total,Elastic Net Total-PPR Model,direct_total_points
519,53.9259344894,53.6334286593,0.292505830137,28.481594918,39.5116688813,0.59564321271,0.730650107433,0.583333333333,position,TE,elastic_net_total,Elastic Net Total-PPR Model,direct_total_points
980,75.7709795918,78.425485993,-2.6545064012,38.7675603553,53.2854956895,0.622270351714,0.744814053418,0.625,position,WR,elastic_net_total,Elastic Net Total-PPR Model,direct_total_points
