method,method_type,n,rmse,mae,r2,skill_vs_shrunken_persistence,skill_vs_age_curve
random_forest,model,1773,0.9246380034975815,0.6753816442657334,0.23073505265978134,0.04298686837896093,0.12122878624940037
gradient_boosting,model,1773,0.9578286435182539,0.6942397739674195,0.1745170538248937,0.008634096562813776,0.08968457229129234
shrunken_persistence,baseline,1773,0.9661706542431462,0.7104689880112328,0.16007569304240765,0.0,0.08175636810532494
age_curve,baseline,1773,1.0521942332990428,0.7892949519861531,0.003851009038768227,-0.0890355949832522,0.0
season_mean,baseline,1773,1.0543501089014418,0.7800171140325857,-0.00023525822056313928,-0.091266956071411,-0.0020489331096591457
persistence,baseline,1773,1.1610299846272176,0.8412901678447069,-0.21288419467794117,-0.20168210401372133,-0.1034369395723942
