validation_year,n_rookies,rmse,mae,bias,interval_50_coverage,interval_80_coverage
2020,105,4.14343003499,3.1942580043,0.639028811311,0.447619047619,0.809523809524
2021,91,3.74295869781,2.95960845805,1.51715090552,0.450549450549,0.857142857143
2022,101,3.2266618647,2.64629738891,0.778743334919,0.524752475248,0.881188118812
2023,94,3.7557058718,2.93853681157,0.200306308573,0.478723404255,0.872340425532
2024,93,3.80400908475,3.09189126008,0.794971422421,0.47311827957,0.763440860215
2025,101,3.32466783738,2.70172261605,0.794768251502,0.544554455446,0.871287128713
