validation_year,n_rookies,n_played_meaningfully,rmse_full_target,mae_full_target,bias_full_target,interval_50_coverage_full,interval_80_coverage_full,plays_brier,plays_actual_rate,plays_predicted_rate
2020,202,79,3.200580046,1.88945687891,-0.189721519423,0.188118811881,0.707920792079,0.125279358744,0.391089108911,0.397087971874
2021,158,63,2.68133000899,1.79458681191,0.347830100596,0.189873417722,0.772151898734,0.115254452898,0.398734177215,0.438094390559
2022,239,79,2.52391185,1.61435356537,0.0219551980343,0.209205020921,0.740585774059,0.12609060659,0.330543933054,0.338761317814
2023,225,78,2.71684244216,1.63718968227,-0.219089163749,0.208888888889,0.751111111111,0.120326662691,0.346666666667,0.34256328577
2024,228,70,2.81784517943,1.6000510396,0.241566914048,0.254385964912,0.780701754386,0.109071189337,0.30701754386,0.346437342481
2025,240,78,2.53004767876,1.59662578159,0.0409578756882,0.229166666667,0.766666666667,0.104983837815,0.325,0.34440474377
