position,rows,matched_salary_rows,match_rate,median_salary_millions,median_value_score,median_value_above_expected_salary
QB,547,526,0.9616087751371115,10.097782,-0.2456796298627988,0.02663455842483925
RB,1236,1168,0.9449838187702265,1.591862,0.1087198308727854,0.18303046319342572
TE,1041,1012,0.9721421709894332,1.860838,-0.2505161703283216,-0.10889548676270394
WR,1929,1863,0.9657853810264385,1.884281,-0.2889537365642114,-0.11563839296631495
