position,rows,matched_salary_rows,match_rate,median_salary_millions,median_value_score,median_value_above_expected_salary
QB,547,526,0.961608775137,10.097782,-0.245679629863,0.0266345584248
RB,1236,1168,0.94498381877,1.591862,0.108719830873,0.183030463193
TE,1041,1012,0.972142170989,1.860838,-0.250516170328,-0.108895486763
WR,1929,1863,0.965785381026,1.884281,-0.288953736564,-0.115638392966
