segment_value,efficiency_variance_share,opportunity_variance_share
all,0.9456323738568388,0.054367626143161187
QB,0.9762679695640906,0.023732030435909494
RB,0.9333497102987094,0.0666502897012905
TE,0.8344408154744521,0.1655591845255479
WR,0.8027807883593492,0.19721921164065087
