segment,segment_value,n,coverage,mean_width,mean_efficiency_variance_share,target_coverage,coverage_gap
overall,all,911,0.8090010976948409,5.429874881989773,0.7316297618210931,0.8,0.00900109769484081
position,QB,160,0.8,13.654560677221337,0.901884901073913,0.8,0.0
position,RB,264,0.8446969696969697,3.864612659827166,0.7447629858811006,0.8,0.04469696969696968
position,TE,172,0.8081395348837209,3.020612074791286,0.6757439193320741,0.8,0.008139534883720878
position,WR,315,0.7841269841269841,3.879629492313639,0.6646595125379757,0.8,-0.015873015873015928
