target_coverage_pct,empirical_coverage,mean_interval_width,n
50,0.498367042915,6.61467732281,34906
80,0.794362000802,12.6972924972,34906
