target_coverage_pct,empirical_coverage,mean_interval_width,n
50,0.497221108119,6.49111970171,34906
80,0.795880364407,12.6265427952,34906
