accuracy,brier_score,roc_auc,log_loss,season,games
0.670807453416,0.21077508138,0.725896124031,0.608702829344,overall,1610
0.658823529412,0.202319827886,0.756520669291,0.590704690962,2020,255
0.645756457565,0.221499803761,0.709869138495,0.631536260919,2021,271
0.665427509294,0.212014813786,0.717981816141,0.610103209058,2022,269
0.691176470588,0.216149196388,0.702534070385,0.623675365752,2023,272
0.713235294118,0.198753980599,0.764051045343,0.58355309083,2024,272
0.649446494465,0.213447339644,0.714794520548,0.611629626985,2025,271
